alpha,gamma,beta,epsilon_u,block_length,low_avg,iteration,seed,r
0.2,0.1,1,0.3,10,10,223,1,0.0222155042885229
0.5,0.1,1,0.3,10,10,223,1,0.0194066474244568
